fitness,momentum,lr0,lrf,weight_decay,warmup_epochs,warmup_momentum,box,cls,hsv_h,hsv_s,hsv_v,degrees,translate,scale,shear,perspective,flipud,fliplr,mosaic,mixup,copy_paste
0.96145,0.937,0.01,0.01,0.0005,3.0,0.8,0.2,0.2,0.015,0.7,0.4,0.0,0.1,0.5,0.0,0.0,0.0,0.5,1.0,0.0,0.0
0.0,0.9371,0.0099,0.01,0.0005,2.95924,0.79488,0.2,0.19952,0.015,0.70249,0.39749,0.0,0.09908,0.49836,0.0,0.0,0.0,0.49613,1.0,0.0,0.0
0.0,0.98,0.01387,0.01,0.00052,2.46393,0.87792,0.2,0.2,0.0154,0.70549,0.45859,0.0,0.08541,0.33177,0.0,0.0,0.0,0.53032,0.84783,0.0,0.0
